,rel_l2_u,rel_l2_u,rel_l2_u,rel_l2_eps,rel_l2_eps,rel_l2_eps,rel_l2_sig,rel_l2_sig,rel_l2_sig,rel_err_Eeff,rel_err_Eeff,rel_err_Eeff,rel_err_Ksigma95,rel_err_Ksigma95,rel_err_Ksigma95
,mean,std,count,mean,std,count,mean,std,count,mean,std,count,mean,std,count
porosity_bin,,,,,,,,,,,,,,,
1%<=phi<2%,0.020906073256167428,0.007489671438536552,21,0.17711059521625588,0.03535396606844092,21,0.05514451913733389,0.01346971913014759,21,0.009863713796063997,0.004933648684745734,21,0.04829500661157179,0.02690389562895258,21
phi<1%,0.01314029389055057,0.0025881221467356757,9,0.12057921190802687,0.0234810065745757,9,0.03588899344070762,0.00698582605084119,9,0.004776116721227397,0.0018604589449822773,9,0.030672014329173,0.011752044810437822,9
phi>=2%,0.09221006971206977,0.06536836513928537,61,0.4219130811766835,0.1836066606847165,61,0.35731011356545916,0.32046245149676167,61,0.1548905468593439,0.19411153532989922,61,0.12194592944675253,0.10005271706319616,61
