geometry_family,n,porosity_mean,rel_l2_u_mean,rel_l2_u_median,rel_l2_u_p90,rel_l2_u_max,rel_l2_eps_mean,rel_l2_eps_median,rel_l2_eps_p90,rel_l2_eps_max,rel_l2_sig_mean,rel_l2_sig_median,rel_l2_sig_p90,rel_l2_sig_max,rel_l2_vm_mean,rel_l2_vm_median,rel_l2_vm_p90,rel_l2_vm_max,rel_err_Eeff_mean,rel_err_Eeff_median,rel_err_Eeff_p90,rel_err_Eeff_max,rel_err_Ksigma95_mean,rel_err_Ksigma95_median,rel_err_Ksigma95_p90,rel_err_Ksigma95_max
bristol_like,40,0.016704559326171875,0.022038581539991876,0.0195829326430152,0.03547929522488178,0.0537158163388679,0.17144600519673597,0.16739649800002734,0.23149569342873833,0.2820083929901209,0.055419424490356674,0.05295812351305685,0.0780440108828077,0.0999056758843935,0.0712830882104623,0.06885311048236765,0.09182523736611414,0.1450063834864186,0.009847624907585211,0.007762228125371501,0.01729430593635176,0.0330540461656217,0.046671772107693923,0.04004233976345235,0.07663257470701283,0.1408010469477973
strong_ood,51,0.17982393152573528,0.10393257204374605,0.0939804936732069,0.2154069288044704,0.2872620099452185,0.4643802578553308,0.4582882466215808,0.7373614551396859,0.7922696106489849,0.4129446233476298,0.3525148093679374,1.0573475823544545,1.1638154441104596,0.33973526820808875,0.2733343492765267,0.9184810784094252,0.9700343690339942,0.18244198828088143,0.0866224981972991,0.5829933225512909,0.5837551864145458,0.13455047215195506,0.1019693062902245,0.2804753885390858,0.3277368969690727
