,rel_l2_u,rel_l2_u,rel_l2_u,rel_l2_eps,rel_l2_eps,rel_l2_eps,rel_l2_sig,rel_l2_sig,rel_l2_sig,rel_err_Eeff,rel_err_Eeff,rel_err_Eeff,rel_err_Ksigma95,rel_err_Ksigma95,rel_err_Ksigma95
,mean,std,count,mean,std,count,mean,std,count,mean,std,count,mean,std,count
porosity_bin,,,,,,,,,,,,,,,
1%<=phi<2%,0.008478513879836499,0.0021504143104331117,10,0.10755040877550255,0.03253195986146329,10,0.02628584502540358,0.0034525914063674263,10,0.002791724774356855,0.0008496921466136339,10,0.030127695358475166,0.011234193281518836,10
phi<1%,0.003966439547654731,0.0015856825398064044,14,0.04534775896252074,0.021744829825904984,14,0.014613457355713058,0.004904195993159809,14,0.0009067438692695366,0.0007066492600682243,14,0.008555988230418409,0.008307522231665032,14
phi>=2%,0.02447984252908722,0.01799159020758763,17,0.21824957014827312,0.07368585051437548,17,0.05574026436498735,0.02273737893499122,17,0.010312807336301504,0.008614310275648008,17,0.02680760547028629,0.02076552901531513,17
